Name,Team,link
Z. Steffen,Manchester City,https://int.soccerway.com/players/zack-steffen/281843/
Ederson Moraes,Manchester City,https://int.soccerway.com/players/ederson--santana-de-moraes/206804/
S. Carson,Manchester City,https://int.soccerway.com/players/scott-carson/2759/
C. Slicker,Manchester City,https://int.soccerway.com/players/cieran-slicker/572604/
K. Walker,Manchester City,https://int.soccerway.com/players/kyle-walker/68532/
Rúben Dias,Manchester City,https://int.soccerway.com/players/ruben-dias/290253/
J. Stones,Manchester City,https://int.soccerway.com/players/john-stones/189445/
N. Aké,Manchester City,https://int.soccerway.com/players/nathan-ake/182930/
Aymeric Laporte,Manchester City,https://int.soccerway.com/players/aymeric--laporte/182904/
B. Mendy,Manchester City,https://int.soccerway.com/players/benjamin-mendy/162509/
João Cancelo,Manchester City,https://int.soccerway.com/players/joao-pedro-cavaco-cancelo/161784/
C. Egan-Riley,Manchester City,https://int.soccerway.com/players/conrad-jonathan-egan-riley/561739/
L. Mbete-Tabu,Manchester City,https://int.soccerway.com/players/luke-mbete-tatu/603118/
F. Burns,Manchester City,https://int.soccerway.com/players/finley-burns/546918/
J. Wilson-Esbrand,Manchester City,https://int.soccerway.com/players/josh-wilson-esbrand/543733/
İ. Gündoğan,Manchester City,https://int.soccerway.com/players/-gundogan/69050/
J. Grealish,Manchester City,https://int.soccerway.com/players/jack-grealish/213954/
O. Zinchenko,Manchester City,https://int.soccerway.com/players/oleksandr-zinchenko/275836/
Rodri,Manchester City,https://int.soccerway.com/players/rodrigo-hernandez-cascante/395959/
K. De Bruyne,Manchester City,https://int.soccerway.com/players/kevin-de-bruyne/78532/
Bernardo Silva,Manchester City,https://int.soccerway.com/players/bernardo-mota-veiga-de-carvalho-e-silva/298753/
Fernandinho,Manchester City,https://int.soccerway.com/players/fernando-luiz-rosa/19655/
P. Foden,Manchester City,https://int.soccerway.com/players/philip-walter-foden/453102/
C. Palmer,Manchester City,https://int.soccerway.com/players/cole-palmer/525801/
J. McAtee,Manchester City,https://int.soccerway.com/players/james-mcatee/546917/
R. Lavia,Manchester City,https://int.soccerway.com/players/romeo-lavia/669609/
R. Sterling,Manchester City,https://int.soccerway.com/players/raheem-sterling/160414/
Gabriel Jesus,Manchester City,https://int.soccerway.com/players/gabriel-fernando-de-jesus/364017/
Ferran Torres,Manchester City,https://int.soccerway.com/players/ferran-torres-garcia/420666/
R. Mahrez,Manchester City,https://int.soccerway.com/players/riyad-mahrez/156662/
S. Edozie,Manchester City,https://int.soccerway.com/players/samuel-edozie/632252/
Alisson,Liverpool,https://int.soccerway.com/players/alisson-ramses-becker/102643/
Adrián,Liverpool,https://int.soccerway.com/players/adrian-san-miguel-del-castillo/60036/
L. Karius,Liverpool,https://int.soccerway.com/players/loris--karius/205201/
L. Hughes,Liverpool,https://int.soccerway.com/players/liam-hughes/477486/
C. Kelleher,Liverpool,https://int.soccerway.com/players/caoimhin-kelleher/375147/
Marcelo,Liverpool,https://int.soccerway.com/players/marcelo-de-araujo-pitaluga-filho/540189/
H. Davies,Liverpool,https://int.soccerway.com/players/harvey-davies/632255/
V. van Dijk,Liverpool,https://int.soccerway.com/players/virgil-van-dijk/188624/
I. Konaté,Liverpool,https://int.soccerway.com/players/ibrahima-konate/416730/
J. Gomez,Liverpool,https://int.soccerway.com/players/joseph-gomez/290182/
K. Tsimikas,Liverpool,https://int.soccerway.com/players/konstantinos-tsimikas/372317/
A. Robertson,Liverpool,https://int.soccerway.com/players/andrew-robertson/254527/
J. Matip,Liverpool,https://int.soccerway.com/players/joel-matip/101189/
N. Phillips,Liverpool,https://int.soccerway.com/players/nathaniel-phillips/456092/
O. Beck,Liverpool,https://int.soccerway.com/players/owen-beck/506412/
T. Alexander-Arnold,Liverpool,https://int.soccerway.com/players/trent-arnold/376875/
N. Williams,Liverpool,https://int.soccerway.com/players/neco-shay-williams/459370/
J. Quansah,Liverpool,https://int.soccerway.com/players/jarell-quansah/623093/
B. Koumetio,Liverpool,https://int.soccerway.com/players/billy-koumetio/623089/
J. Norris,Liverpool,https://int.soccerway.com/players/james-norris/623099/
Fabinho,Liverpool,https://int.soccerway.com/players/fabio-henrique-tavares/245348/
Thiago Alcântara,Liverpool,https://int.soccerway.com/players/thiago-alcantara-do-nascimiento/79017/
J. Milner,Liverpool,https://int.soccerway.com/players/james-milner/2899/
N. Keïta,Liverpool,https://int.soccerway.com/players/naby-deco-keita/323155/
J. Henderson,Liverpool,https://int.soccerway.com/players/jordan-henderson/48010/
A. Oxlade-Chamberlain,Liverpool,https://int.soccerway.com/players/alex-oxlade-chamberlain/120695/
C. Jones,Liverpool,https://int.soccerway.com/players/curtis-jones/459355/
E. Dixon-Bonner,Liverpool,https://int.soccerway.com/players/elijah-malik-dixon-bonner/459348/
H. Elliott,Liverpool,https://int.soccerway.com/players/harvey-elliot/535339/
T. Morton,Liverpool,https://int.soccerway.com/players/tyler-morton/632257/
C. Bradley,Liverpool,https://int.soccerway.com/players/conor-bradley/632251/
M. Woltman,Liverpool,https://int.soccerway.com/players/max-woltman/623097/
Roberto Firmino,Liverpool,https://int.soccerway.com/players/roberto-firmino-barbosa-de-oliveira/103265/
S. Mané,Liverpool,https://int.soccerway.com/players/sadio-mane/201602/
Mohamed Salah,Liverpool,https://int.soccerway.com/players/mohamed-salah/138653/
T. Minamino,Liverpool,https://int.soccerway.com/players/takumi-minamino/193117/
Diogo Jota,Liverpool,https://int.soccerway.com/players/diogo-jose-teixeira-da-silva/374031/
D. Origi,Liverpool,https://int.soccerway.com/players/divock-origi/215344/
K. Gordon,Liverpool,https://int.soccerway.com/players/kaide-gordon/646043/
J. Balagizi,Liverpool,https://int.soccerway.com/players/james-balagizi/623523/
H. Blair,Liverpool,https://int.soccerway.com/players/harvey-blair/654714/
Kepa,Chelsea,https://int.soccerway.com/players/kepa-arrizabalaga-revuelta/200705/
M. Bettinelli,Chelsea,https://int.soccerway.com/players/marcus-bettinelli/194646/
É. Mendy,Chelsea,https://int.soccerway.com/players/edouard-mendy/213222/
L. Bergström,Chelsea,https://int.soccerway.com/players/lucas-bergstrom/578626/
T. Sharman-Lowe,Chelsea,https://int.soccerway.com/players/teddy-sharman-lowe/646050/
A. Rüdiger,Chelsea,https://int.soccerway.com/players/antonio-rudiger/192187/
Marcos Alonso,Chelsea,https://int.soccerway.com/players/marcos-alonso-mendoza/125007/
A. Christensen,Chelsea,https://int.soccerway.com/players/andreas-christensen/213104/
Thiago Silva,Chelsea,https://int.soccerway.com/players/thiago-emiliano-da-silva/9136/
B. Chilwell,Chelsea,https://int.soccerway.com/players/benjamin-chilwell/383419/
R. James,Chelsea,https://int.soccerway.com/players/reece-james/453252/
Azpilicueta,Chelsea,https://int.soccerway.com/players/cesar-azpilicueta-tanco/18099/
M. Sarr,Chelsea,https://int.soccerway.com/players/malang-sarr/416488/
X. Mbuyamba,Chelsea,https://int.soccerway.com/players/xavier-mbuyamba/580694/
Jorginho,Chelsea,https://int.soccerway.com/players/frello-filho-jorge-jorginho/169273/
N. Kanté,Chelsea,https://int.soccerway.com/players/ngolo-kante/214469/
M. Kovačić,Chelsea,https://int.soccerway.com/players/mateo-kovai/156567/
C. Pulisic,Chelsea,https://int.soccerway.com/players/christian-pulisic/413835/
R. Loftus-Cheek,Chelsea,https://int.soccerway.com/players/ruben-loftus-cheek/271290/
T. Chalobah,Chelsea,https://int.soccerway.com/players/trevoh-chalobah/376695/
Saúl,Chelsea,https://int.soccerway.com/players/saul-niguez-esclapez/151131/
R. Barkley,Chelsea,https://int.soccerway.com/players/ross-barkley/154068/
M. Mount,Chelsea,https://int.soccerway.com/players/mason-mount/376697/
H. Ziyech,Chelsea,https://int.soccerway.com/players/hakim-ziyech/255713/
K. Havertz,Chelsea,https://int.soccerway.com/players/kai-havertz/440864/
L. Hall,Chelsea,https://int.soccerway.com/players/lewis-hall/621191/
X. Simons,Chelsea,https://int.soccerway.com/players/xavier-simons/549723/
H. Vale,Chelsea,https://int.soccerway.com/players/harvey-vale/632348/
C. Webster,Chelsea,https://int.soccerway.com/players/charlie-webster/632347/
R. Lukaku,Chelsea,https://int.soccerway.com/players/romelo-lukaku/79495/
T. Werner,Chelsea,https://int.soccerway.com/players/timo-werner/242778/
C. Hudson-Odoi,Chelsea,https://int.soccerway.com/players/callum-hudson-odoi/455314/
J. Soonsup-Bell,Chelsea,https://int.soccerway.com/players/jude-soonsup-bell/621174/
B. Leno,Arsenal,https://int.soccerway.com/players/bernd-leno/102533/
A. Ramsdale,Arsenal,https://int.soccerway.com/players/aaron-ramsdale/443616/
A. Okonkwo,Arsenal,https://int.soccerway.com/players/arthur-okonkwo/459465/
K. Hein,Arsenal,https://int.soccerway.com/players/karl-jakob-hein/517642/
K. Tierney,Arsenal,https://int.soccerway.com/players/kieran-tierney/323402/
B. White,Arsenal,https://int.soccerway.com/players/ben-white/452343/
Gabriel Magalhães,Arsenal,https://int.soccerway.com/players/gabriel-dos-santos-magalhaes/433485/
R. Holding,Arsenal,https://int.soccerway.com/players/rob-holding/401408/
Cédric Soares,Arsenal,https://int.soccerway.com/players/cedric-ricardo-alves-soares/134612/
T. Tomiyasu,Arsenal,https://int.soccerway.com/players/takehiro-tomiyasu/413092/
Nuno Tavares,Arsenal,https://int.soccerway.com/players/nuno-albertino-varela-tavares/505967/
C. Chambers,Arsenal,https://int.soccerway.com/players/calum-chambers/235617/
Pablo Marí,Arsenal,https://int.soccerway.com/players/pablo-mari-villar/166646/
S. Kolašinac,Arsenal,https://int.soccerway.com/players/sead-kolasinac/212062/
T. Partey,Arsenal,https://int.soccerway.com/players/thomas-teye-partey/250434/
M. Ødegaard,Arsenal,https://int.soccerway.com/players/martin-odegaard/334861/
E. Smith Rowe,Arsenal,https://int.soccerway.com/players/emile-smith-rowe/453125/
A. Maitland-Niles,Arsenal,https://int.soccerway.com/players/ashley-maitland-niles/314521/
A. Lokonga,Arsenal,https://int.soccerway.com/players/albert-mboyo-sambi-lokonga/462600/
Mohamed Elneny,Arsenal,https://int.soccerway.com/players/mohamed-el-nenny/153493/
G. Xhaka,Arsenal,https://int.soccerway.com/players/granit-xhaka/102647/
S. Oulad M'Hand,Arsenal,https://int.soccerway.com/players/salah-oulad-mhand/632829/
B. Saka,Arsenal,https://int.soccerway.com/players/bakayo-sako/496730/
A. Lacazette,Arsenal,https://int.soccerway.com/players/alexandre-lacazette/87653/
P. Aubameyang,Arsenal,https://int.soccerway.com/players/pierre-emerick-aubameyang/37644/
N. Pépé,Arsenal,https://int.soccerway.com/players/nicolas-pepe/280626/
F. Balogun,Arsenal,https://int.soccerway.com/players/folarin-jerry-balogun/453085/
E. Nketiah,Arsenal,https://int.soccerway.com/players/edward-nketiah/376605/
Gabriel Martinelli,Arsenal,https://int.soccerway.com/players/gabriel-teodoro-martinelli-silva/533164/
C. Patino,Arsenal,https://int.soccerway.com/players/charlie-patino/549736/
Ł. Fabiański,West Ham United,https://int.soccerway.com/players/lukasz-fabianski/725/
A. Areola,West Ham United,https://int.soccerway.com/players/alphonse-areola/138003/
D. Martin,West Ham United,https://int.soccerway.com/players/david-martin/5245/
D. Randolph,West Ham United,https://int.soccerway.com/players/darren-randolph/5301/
W. Reid,West Ham United,https://int.soccerway.com/players/winston-wiremu-reid/11749/
A. Cresswell,West Ham United,https://int.soccerway.com/players/aaron-cresswell/51175/
K. Zouma,West Ham United,https://int.soccerway.com/players/kurt-zouma/162511/
V. Coufal,West Ham United,https://int.soccerway.com/players/vladimir-coufal/158893/
C. Dawson,West Ham United,https://int.soccerway.com/players/craig-dawson/88227/
A. Ogbonna,West Ham United,https://int.soccerway.com/players/angelo-obinze-ogbonna/9770/
I. Diop,West Ham United,https://int.soccerway.com/players/issa-diop/320103/
R. Fredericks,West Ham United,https://int.soccerway.com/players/ryan-fredericks/204236/
A. Masuaku,West Ham United,https://int.soccerway.com/players/arthur-masuaku/202582/
B. Johnson,West Ham United,https://int.soccerway.com/players/benjamin-johnson/453865/
A. Alese,West Ham United,https://int.soccerway.com/players/ajibola-alese/465970/
H. Ashby,West Ham United,https://int.soccerway.com/players/harrison-ashby/525304/
J. Baptiste,West Ham United,https://int.soccerway.com/players/jamal-baptiste/640183/
M. Emmanuel,West Ham United,https://int.soccerway.com/players/mbule-longelo-emmanuel/457357/
A. Yarmolenko,West Ham United,https://int.soccerway.com/players/andriy-yarmolenko/53039/
M. Antonio,West Ham United,https://int.soccerway.com/players/michail-antonio/73612/
M. Lanzini,West Ham United,https://int.soccerway.com/players/manuel-lanzini/141340/
N. Vlašić,West Ham United,https://int.soccerway.com/players/nikola-vlai/318353/
M. Noble,West Ham United,https://int.soccerway.com/players/mark-noble/5320/
Pablo Fornals,West Ham United,https://int.soccerway.com/players/pablo-fornals-malla/422765/
T. Souček,West Ham United,https://int.soccerway.com/players/toma-souek/319365/
A. Král,West Ham United,https://int.soccerway.com/players/alex-kral/377541/
A. Okoflex,West Ham United,https://int.soccerway.com/players/armstrong-okoflex/499188/
D. Rice,West Ham United,https://int.soccerway.com/players/declan-rice/408158/
S. Perkins,West Ham United,https://int.soccerway.com/players/sonny-perkins/641604/
K. Appiah-Forson,West Ham United,https://int.soccerway.com/players/kennan-forson/517881/
F. Potts,West Ham United,https://int.soccerway.com/players/freddie-botts/623079/
K. Simon-Swyer,West Ham United,https://int.soccerway.com/players/kamarai-simon-swyer/607179/
J. Bowen,West Ham United,https://int.soccerway.com/players/jarrod-bowen/331388/
S. Benrahma,West Ham United,https://int.soccerway.com/players/mohamed-said-benrahma/316494/
D. Chesters,West Ham United,https://int.soccerway.com/players/daniel-chesters/523661/
David de Gea,Manchester United,https://int.soccerway.com/players/david-de-gea-quintana/61954/
L. Grant,Manchester United,https://int.soccerway.com/players/lee-grant/15525/
T. Heaton,Manchester United,https://int.soccerway.com/players/tom-heaton/2908/
D. Henderson,Manchester United,https://int.soccerway.com/players/dean-henderson/317323/
M. Kovář,Manchester United,https://int.soccerway.com/players/matj-kova/535288/
V. Lindelöf,Manchester United,https://int.soccerway.com/players/victor-lindelof-nilsson/127315/
E. Bailly,Manchester United,https://int.soccerway.com/players/eric-bertrand-bailly/289271/
P. Jones,Manchester United,https://int.soccerway.com/players/phil-jones/97299/
H. Maguire,Manchester United,https://int.soccerway.com/players/harry--maguire/182047/
R. Varane,Manchester United,https://int.soccerway.com/players/raphael-varane/156706/
Diogo Dalot,Manchester United,https://int.soccerway.com/players/jose-teixeira/400243/
L. Shaw,Manchester United,https://int.soccerway.com/players/luke-shaw/209805/
Alex Telles,Manchester United,https://int.soccerway.com/players/alex-nicolao-telles/115167/
A. Wan-Bissaka,Manchester United,https://int.soccerway.com/players/aaron-wan-bissaka/470717/
T. Mengi,Manchester United,https://int.soccerway.com/players/teden-mengi/519942/
B. Hardley,Manchester United,https://int.soccerway.com/players/bjorn-hardley/627117/
P. Pogba,Manchester United,https://int.soccerway.com/players/paul-pogba/177208/
Mata,Manchester United,https://int.soccerway.com/players/juan-manuel-mata-garcia/19106/
J. Lingard,Manchester United,https://int.soccerway.com/players/jesse-lingard/220119/
Fred,Manchester United,https://int.soccerway.com/players/frederico-rodrigues-santos/195289/
Bruno Fernandes,Manchester United,https://int.soccerway.com/players/bruno-miguel-borges-fernandes/276371/
N. Matić,Manchester United,https://int.soccerway.com/players/nemanja-matic/35472/
D. van de Beek,Manchester United,https://int.soccerway.com/players/donny-van-de-beek/319301/
S. McTominay,Manchester United,https://int.soccerway.com/players/scott-mctominay/420214/
H. Mejbri,Manchester United,https://int.soccerway.com/players/hannibal-mejbri/632278/
Z. Iqbal,Manchester United,https://int.soccerway.com/players/zidane-iqbal/644834/
C. Savage,Manchester United,https://int.soccerway.com/players/charlie-savage/636289/
Cristiano Ronaldo,Manchester United,https://int.soccerway.com/players/cristiano-ronaldo-dos-santos-aveiro/382/
A. Martial,Manchester United,https://int.soccerway.com/players/anthony-martial/215647/
M. Rashford,Manchester United,https://int.soccerway.com/players/marcus-rashford/420221/
M. Greenwood,Manchester United,https://int.soccerway.com/players/mason-greenwood/501819/
A. Diallo,Manchester United,https://int.soccerway.com/players/amad-diallo-traore/632969/
E. Cavani,Manchester United,https://int.soccerway.com/players/edison-cavani/5920/
J. Sancho,Manchester United,https://int.soccerway.com/players/jadon-sancho/453120/
A. Elanga,Manchester United,https://int.soccerway.com/players/anthony-elanga/546875/
S. Shoretire,Manchester United,https://int.soccerway.com/players/shola-shoretire/588672/
H. Lloris,Tottenham Hotspur,https://int.soccerway.com/players/hugo-lloris/1255/
P. Gollini,Tottenham Hotspur,https://int.soccerway.com/players/pierluigi-gollini/297463/
B. Austin,Tottenham Hotspur,https://int.soccerway.com/players/brandon-austin/453672/
M. Doherty,Tottenham Hotspur,https://int.soccerway.com/players/matt-doherty/166998/
Reguilón,Tottenham Hotspur,https://int.soccerway.com/players/sergio-reguilon-rodriguez/372821/
C. Romero,Tottenham Hotspur,https://int.soccerway.com/players/cristian-gabriel-romero/433963/
D. Sánchez,Tottenham Hotspur,https://int.soccerway.com/players/davinson-sanchez-mina/290497/
Emerson,Tottenham Hotspur,https://int.soccerway.com/players/emerson-aparecido-leite-de-souza-junior/464313/
J. Rodon,Tottenham Hotspur,https://int.soccerway.com/players/joe-rodon/431909/
J. Tanganga,Tottenham Hotspur,https://int.soccerway.com/players/japhet-tanganga/440989/
B. Davies,Tottenham Hotspur,https://int.soccerway.com/players/benjamin-davies/207547/
T. Omole,Tottenham Hotspur,https://int.soccerway.com/players/tobi-omole/453130/
M. Fagan-Walcott,Tottenham Hotspur,https://int.soccerway.com/players/malachi-walcott/523649/
B. Lyons-Foster,Tottenham Hotspur,https://int.soccerway.com/players/brooklyn-lyons-foster/460110/
M. Paskotši,Tottenham Hotspur,https://int.soccerway.com/players/maksim-paskoti/572409/
P. Højbjerg,Tottenham Hotspur,https://int.soccerway.com/players/pierre-emil--hojbjerg/182609/
Son Heung-Min,Tottenham Hotspur,https://int.soccerway.com/players/heung-min-son/103043/
H. Winks,Tottenham Hotspur,https://int.soccerway.com/players/harry-winks/274470/
E. Dier,Tottenham Hotspur,https://int.soccerway.com/players/eric-dier/245831/
G. Lo Celso,Tottenham Hotspur,https://int.soccerway.com/players/giovani-lo-celso/392369/
R. Sessegnon,Tottenham Hotspur,https://int.soccerway.com/players/ryan-sessegnon/440992/
D. Alli,Tottenham Hotspur,https://int.soccerway.com/players/bamidele-ali/217739/
Lucas Moura,Tottenham Hotspur,https://int.soccerway.com/players/lucas-rodrigues-moura-da-silva/141970/
T. Ndombèlé,Tottenham Hotspur,https://int.soccerway.com/players/tanguy-ndombele/327388/
O. Skipp,Tottenham Hotspur,https://int.soccerway.com/players/oliver-skipp/459481/
K. Cesay,Tottenham Hotspur,https://int.soccerway.com/players/kallum-xzeiba-tracey-cesay/622610/
Matthew Craig,Tottenham Hotspur,https://int.soccerway.com/players/matthew-craig/597593/
Michael Craig,Tottenham Hotspur,https://int.soccerway.com/players/michael-craig/597594/
R. Mundle,Tottenham Hotspur,https://int.soccerway.com/players/romaine-mundle/622608/
N. John,Tottenham Hotspur,https://int.soccerway.com/players/nile-john/598547/
H. White,Tottenham Hotspur,https://int.soccerway.com/players/harvey-white/509346/
H. Kane,Tottenham Hotspur,https://int.soccerway.com/players/harry-kane/158575/
Bryan Gil,Tottenham Hotspur,https://int.soccerway.com/players/bryan-gil-salvatierra/506400/
S. Bergwijn,Tottenham Hotspur,https://int.soccerway.com/players/steven-bergwijn/319305/
D. Scarlett,Tottenham Hotspur,https://int.soccerway.com/players/dane-scarlett/623085/
J. Clarke,Tottenham Hotspur,https://int.soccerway.com/players/jack-clarke/529641/
D. Markanday,Tottenham Hotspur,https://int.soccerway.com/players/dilan-kumar-markanday/496133/
José Sá,Wolverhampton …,https://int.soccerway.com/players/jose-pedro-malheiro-de-sa/257644/
L. Moulden,Wolverhampton …,https://int.soccerway.com/players/louie-moulden/505352/
J. Ruddy,Wolverhampton …,https://int.soccerway.com/players/john-ruddy/2867/
J. Storer,Wolverhampton …,https://int.soccerway.com/players/james-storer/678475/
K. Hoever,Wolverhampton …,https://int.soccerway.com/players/ki-jana-hoever/525922/
R. Aït Nouri,Wolverhampton …,https://int.soccerway.com/players/rayan-ait-nouri/541344/
Fernando Marçal,Wolverhampton …,https://int.soccerway.com/players/fernando-marcal-de-oliveira/112044/
W. Boly,Wolverhampton …,https://int.soccerway.com/players/willy-boly/158635/
C. Coady,Wolverhampton …,https://int.soccerway.com/players/conor--coady/177071/
Jonny Castro,Wolverhampton …,https://int.soccerway.com/players/jonatan-castro-otto/218283/
Nélson Semedo,Wolverhampton …,https://int.soccerway.com/players/nelson-cabral-semedo/257122/
L. Dendoncker,Wolverhampton …,https://int.soccerway.com/players/leander-dendoncker/215348/
M. Kilman,Wolverhampton …,https://int.soccerway.com/players/max-kilman/477041/
Hugo Bueno,Wolverhampton …,https://int.soccerway.com/players/hugo-bueno/624935/
Bruno Jordão,Wolverhampton …,https://int.soccerway.com/players/bruno-andre-cavaco-jordao/420506/
Rúben Neves,Wolverhampton …,https://int.soccerway.com/players/ruben-neves/270474/
Daniel Podence,Wolverhampton …,https://int.soccerway.com/players/daniel-castelo-podence/280821/
Y. Mosquera,Wolverhampton …,https://int.soccerway.com/players/yerson-mosquera/648500/
Hwang Hee-Chan,Wolverhampton …,https://int.soccerway.com/players/hee-chan-hwang/382807/
R. Saïss,Wolverhampton …,https://int.soccerway.com/players/romain-saiss/212879/
João Moutinho,Wolverhampton …,https://int.soccerway.com/players/joao-filipe-iria-santos-moutinho/16593/
L. Cundle,Wolverhampton …,https://int.soccerway.com/players/luke-cundle/471769/
C. Campbell,Wolverhampton …,https://int.soccerway.com/players/chem-campbell/561970/
Pedro Neto,Wolverhampton …,https://int.soccerway.com/players/pedro-lomba-neto/477582/
R. Jiménez,Wolverhampton …,https://int.soccerway.com/players/raul-alonso-jimenez-rodriguez/209521/
Trincão,Wolverhampton …,https://int.soccerway.com/players/francisco-antonio-machado-mota-de-castro-trincao/440079/
Fábio Silva,Wolverhampton …,https://int.soccerway.com/players/fabio-daniel-soares-silva/509309/
Adama Traoré,Wolverhampton …,https://int.soccerway.com/players/adama-traore-diarra/260734/
K. Schmeichel,Leicester City,https://int.soccerway.com/players/kasper-schmeichel/2841/
D. Ward,Leicester City,https://int.soccerway.com/players/daniel-ward/160922/
E. Jakupovic,Leicester City,https://int.soccerway.com/players/eldin-jakupovic/6453/
J. Stolarczyk,Leicester City,https://int.soccerway.com/players/jakub-stolarczyk/509149/
J. Justin,Leicester City,https://int.soccerway.com/players/james-justin/431215/
W. Fofana,Leicester City,https://int.soccerway.com/players/wesley-fofana/534233/
Ç. Söyüncü,Leicester City,https://int.soccerway.com/players/caglar-soyuncu/362461/
R. Bertrand,Leicester City,https://int.soccerway.com/players/ryan-bertrand/21046/
J. Evans,Leicester City,https://int.soccerway.com/players/jonathan-evans/20687/
D. Amartey,Leicester City,https://int.soccerway.com/players/daniel-amartey/250541/
Ricardo Pereira,Leicester City,https://int.soccerway.com/players/ricardo-domingos-barbosa-pereira/229723/
J. Vestergaard,Leicester City,https://int.soccerway.com/players/jannik-vestergaard/143213/
T. Castagne,Leicester City,https://int.soccerway.com/players/timoty-castagne/297445/
L. Thomas,Leicester City,https://int.soccerway.com/players/luke-thomas/471770/
F. Benković,Leicester City,https://int.soccerway.com/players/filip-benkovi/318349/
V. Daley-Campbell,Leicester City,https://int.soccerway.com/players/vontae-daley-campbell/453095/
B. Nelson,Leicester City,https://int.soccerway.com/players/ben-nelson/640531/
Y. Tielemans,Leicester City,https://int.soccerway.com/players/yoeri-tielemans/297294/
J. Maddison,Leicester City,https://int.soccerway.com/players/james-maddison/317810/
M. Albrighton,Leicester City,https://int.soccerway.com/players/marc-albrighton/73931/
H. Barnes,Leicester City,https://int.soccerway.com/players/harvey-lewis-barnes/454522/
H. Choudhury,Leicester City,https://int.soccerway.com/players/hamza-choudhury/437092/
K. Dewsbury-Hall,Leicester City,https://int.soccerway.com/players/kiernan-dewsbury-hall/453305/
N. Mendy,Leicester City,https://int.soccerway.com/players/nampalys-mendy/140912/
W. Ndidi,Leicester City,https://int.soccerway.com/players/onyinye-wilfred-ndidi/298168/
B. Soumaré,Leicester City,https://int.soccerway.com/players/boubakary-soumare/419550/
K. McAteer,Leicester City,https://int.soccerway.com/players/kasey-mcateer/561706/
L. Brunt,Leicester City,https://int.soccerway.com/players/lewis-brunt/476091/
O. Ewing,Leicester City,https://int.soccerway.com/players/oliver-ewing/561988/
Wanya Marçal,Leicester City,https://int.soccerway.com/players/wanya-marcal-madivadua/606592/
J. Vardy,Leicester City,https://int.soccerway.com/players/jamie-vardy/159732/
K. Iheanacho,Leicester City,https://int.soccerway.com/players/kelechi-iheanacho/319119/
Ayoze Pérez,Leicester City,https://int.soccerway.com/players/ayoze-perez-gutierrez/262852/
P. Daka,Leicester City,https://int.soccerway.com/players/patson-daka/405920/
A. Lookman,Leicester City,https://int.soccerway.com/players/ademola-lookman/428612/
J. Steer,Aston Villa,https://int.soccerway.com/players/jed-steer/98938/
E. Martínez,Aston Villa,https://int.soccerway.com/players/damian-martinez/102587/
V. Sinisalo,Aston Villa,https://int.soccerway.com/players/viljani-sinisalo/480670/
F. Marschall,Aston Villa,https://int.soccerway.com/players/filip-marshall/561715/
M. Targett,Aston Villa,https://int.soccerway.com/players/matt-targett/315557/
E. Konsa,Aston Villa,https://int.soccerway.com/players/ezri-konsa-ngoyo/431214/
T. Mings,Aston Villa,https://int.soccerway.com/players/tyrone-mings/274052/
A. Tuanzebe,Aston Villa,https://int.soccerway.com/players/axel-tuanzebe/420198/
A. Young,Aston Villa,https://int.soccerway.com/players/ashley-young/2553/
K. Hause,Aston Villa,https://int.soccerway.com/players/kortney-hause/261362/
S. Swinkels,Aston Villa,https://int.soccerway.com/players/sil-swinkels/669508/
M. Cash,Aston Villa,https://int.soccerway.com/players/matty-cash/437878/
Douglas Luiz,Aston Villa,https://int.soccerway.com/players/douglas-luiz-soares-de-paulo/449544/
J. McGinn,Aston Villa,https://int.soccerway.com/players/john-mcginn/256156/
E. Buendía,Aston Villa,https://int.soccerway.com/players/emiliano-buendia/335467/
Trézéguet,Aston Villa,https://int.soccerway.com/players/mahmoud-hassan/253078/
M. Nakamba,Aston Villa,https://int.soccerway.com/players/marvelous-nakamba/281751/
A. El Ghazi,Aston Villa,https://int.soccerway.com/players/anwar-el-ghazi/320071/
M. Sanson,Aston Villa,https://int.soccerway.com/players/morgan-sanson/242484/
J. Philogene-Bidace,Aston Villa,https://int.soccerway.com/players/jaden-philogene-bidace/604413/
Carney Chukwuemeka,Aston Villa,https://int.soccerway.com/players/carney-chukwuemeka/598553/
L. Bogarde,Aston Villa,https://int.soccerway.com/players/lamar-bogarde/671092/
A. Ramsey,Aston Villa,https://int.soccerway.com/players/aaron-ramsey/543148/
J. Ramsey,Aston Villa,https://int.soccerway.com/players/jacob-ramsey/459219/
T. Iroegbunam,Aston Villa,https://int.soccerway.com/players/tim-iroegbunam/623090/
H. Lindley,Aston Villa,https://int.soccerway.com/players/hayden-lindley/623111/
O. Watkins,Aston Villa,https://int.soccerway.com/players/ollie-watkins/334174/
Bertrand Traoré,Aston Villa,https://int.soccerway.com/players/bertrand-traore/102801/
D. Ings,Aston Villa,https://int.soccerway.com/players/daniel-william-ings/139523/
L. Bailey,Aston Villa,https://int.soccerway.com/players/leon-bailey/415585/
C. Archer,Aston Villa,https://int.soccerway.com/players/cameron-archer/501933/
K. Davis,Aston Villa,https://int.soccerway.com/players/keinan-davis/434409/
Caleb Chukwuemeka,Aston Villa,https://int.soccerway.com/players/caleb-chukwuemeka/651383/
J. Butland,Crystal Palace,https://int.soccerway.com/players/jack-butland/192419/
Guaita,Crystal Palace,https://int.soccerway.com/players/vicente-guaita-panadero/62971/
R. Matthews,Crystal Palace,https://int.soccerway.com/players/remi-luke-matthews/356283/
J. Ward,Crystal Palace,https://int.soccerway.com/players/joel-ward/66070/
T. Mitchell,Crystal Palace,https://int.soccerway.com/players/tyrick-mitchell/506440/
J. Tomkins,Crystal Palace,https://int.soccerway.com/players/james-tomkins/23292/
M. Guéhi,Crystal Palace,https://int.soccerway.com/players/marc-guehi/420559/
J. Andersen,Crystal Palace,https://int.soccerway.com/players/joachim-andersen/232240/
N. Clyne,Crystal Palace,https://int.soccerway.com/players/nathaniel--clyne/66379/
M. Kelly,Crystal Palace,https://int.soccerway.com/players/martin-kelly/61076/
R. Hannam,Crystal Palace,https://int.soccerway.com/players/reece-hannam/453862/
L. Milivojević,Crystal Palace,https://int.soccerway.com/players/luka-milivojevic/90657/
M. Olise,Crystal Palace,https://int.soccerway.com/players/michael-olise/532278/
C. Kouyaté,Crystal Palace,https://int.soccerway.com/players/-cheikhou-kouyate/53112/
E. Eze,Crystal Palace,https://int.soccerway.com/players/eberechi-eze/471115/
W. Hughes,Crystal Palace,https://int.soccerway.com/players/will-hughes/216855/
J. Schlupp,Crystal Palace,https://int.soccerway.com/players/jeffery--schlupp/180530/
J. McArthur,Crystal Palace,https://int.soccerway.com/players/james-mcarthur/46511/
C. Gallagher,Crystal Palace,https://int.soccerway.com/players/conor-gallagher/453254/
N. Ferguson,Crystal Palace,https://int.soccerway.com/players/nathan-ferguson/453145/
J. Riedewald,Crystal Palace,https://int.soccerway.com/players/jairo-riedewald/275113/
J. Rak-Sakyi,Crystal Palace,https://int.soccerway.com/players/jesuran-rak-sakyi/549762/
J. Ayew,Crystal Palace,https://int.soccerway.com/players/jordan-ayew/95810/
W. Zaha,Crystal Palace,https://int.soccerway.com/players/wilfred-zaha/123878/
J. Mateta,Crystal Palace,https://int.soccerway.com/players/jean-philippe-mateta/395193/
C. Benteke,Crystal Palace,https://int.soccerway.com/players/-christian-benteke/53423/
O. Édouard,Crystal Palace,https://int.soccerway.com/players/odsonne-edouard/376915/
S. Banks,Crystal Palace,https://int.soccerway.com/players/scott-banks/563988/
R. Street,Crystal Palace,https://int.soccerway.com/players/robert-street/592135/
David Raya,Brentford,https://int.soccerway.com/players/david-raya-martin/330279/
Álvaro Fernández,Brentford,https://int.soccerway.com/players/alvaro-fernandez-llorente/456406/
M. Cox,Brentford,https://int.soccerway.com/players/matthew-cox/646968/
D. Thompson,Brentford,https://int.soccerway.com/players/dominic-thompson/453118/
R. Henry,Brentford,https://int.soccerway.com/players/rico-henry/355641/
C. Goode,Brentford,https://int.soccerway.com/players/charlie-goode/412734/
E. Pinnock,Brentford,https://int.soccerway.com/players/ethan-pinnock/430883/
P. Jansson,Brentford,https://int.soccerway.com/players/pontus-jansson/95613/
K. Ajer,Brentford,https://int.soccerway.com/players/kristoffer-vassbakk-ajer/347247/
M. Jørgensen,Brentford,https://int.soccerway.com/players/mathias-zanka-jorgensen/26254/
J. Jeanvier,Brentford,https://int.soccerway.com/players/julian-jeanvier/159947/
M. Sørensen,Brentford,https://int.soccerway.com/players/mads-bech-sorensen/404421/
M. Rasmussen,Brentford,https://int.soccerway.com/players/mads-roerslev-rasmussen/421629/
L. Račić,Brentford,https://int.soccerway.com/players/luka-racic/441235/
F. Stevens,Brentford,https://int.soccerway.com/players/finley-stevens/549742/
L. Gordon,Brentford,https://int.soccerway.com/players/lewis-gordon/531244/
D. Oyegoke,Brentford,https://int.soccerway.com/players/daniel-oyegoke/549725/
C. Nørgaard,Brentford,https://int.soccerway.com/players/christian-noregaard/155064/
Sergi Canós,Brentford,https://int.soccerway.com/players/sergi-canos/316425/
M. Jensen,Brentford,https://int.soccerway.com/players/mathias-jensen/389787/
F. Onyeka,Brentford,https://int.soccerway.com/players/ogochukwu-onyeka-frank/434897/
T. Fosu,Brentford,https://int.soccerway.com/players/tarique-fosu/356339/
M. Peart-Harris,Brentford,https://int.soccerway.com/players/myles-peart-harris/549760/
S. Baptiste,Brentford,https://int.soccerway.com/players/shandon-baptiste/494235/
V. Janelt,Brentford,https://int.soccerway.com/players/vitaly-janelt/400419/
M. Bidstrup,Brentford,https://int.soccerway.com/players/mads-bidstrup/517672/
J. Žambůrek,Brentford,https://int.soccerway.com/players/jan-ambrek/542777/
P. Maghoma,Brentford,https://int.soccerway.com/players/paris-maghoma/455768/
M. Haygarth,Brentford,https://int.soccerway.com/players/maxwell-haygarth/561231/
M. Forss,Brentford,https://int.soccerway.com/players/marcus-forss/453146/
J. Dasilva,Brentford,https://int.soccerway.com/players/pelenda-da-silva/376597/
Y. Wissa,Brentford,https://int.soccerway.com/players/yoane-wissa/320030/
S. Ghoddos,Brentford,https://int.soccerway.com/players/saman-ghoddos/186724/
I. Toney,Brentford,https://int.soccerway.com/players/ivan-toney/277348/
B. Mbeumo,Brentford,https://int.soccerway.com/players/brian-mbeumo/457466/
N. Young-Coombes,Brentford,https://int.soccerway.com/players/nathan-young-coombes/622322/
Robert Sánchez,Brighton & Hov…,https://int.soccerway.com/players/robert-lynch-sanchez/454501/
K. Scherpen,Brighton & Hov…,https://int.soccerway.com/players/kjell-scherpen/461386/
J. Steele,Brighton & Hov…,https://int.soccerway.com/players/jason-steele/23295/
T. McGill,Brighton & Hov…,https://int.soccerway.com/players/thomas-mcgill/453839/
T. Lamptey,Brighton & Hov…,https://int.soccerway.com/players/tariq-lamptey/459567/
Cucurella,Brighton & Hov…,https://int.soccerway.com/players/marc-cucurella-saseta/372743/
A. Webster,Brighton & Hov…,https://int.soccerway.com/players/adam-webster/34303/
L. Dunk,Brighton & Hov…,https://int.soccerway.com/players/lewis-dunk/129104/
S. Duffy,Brighton & Hov…,https://int.soccerway.com/players/shane-duffy/90884/
H. Roberts,Brighton & Hov…,https://int.soccerway.com/players/hayden-roberts/499174/
D. Burn,Brighton & Hov…,https://int.soccerway.com/players/dan-burn/110513/
J. Veltman,Brighton & Hov…,https://int.soccerway.com/players/joel-veltman/102878/
T. Băluţă,Brighton & Hov…,https://int.soccerway.com/players/tudor-cristian-blu/408625/
A. Tsoungui,Brighton & Hov…,https://int.soccerway.com/players/antef-tsoungui/562057/
J. Furlong,Brighton & Hov…,https://int.soccerway.com/players/james-furlong/542790/
E. Turns,Brighton & Hov…,https://int.soccerway.com/players/ed-turns/545146/
O. Offiah,Brighton & Hov…,https://int.soccerway.com/players/odell-offiah/536628/
Y. Bissouma,Brighton & Hov…,https://int.soccerway.com/players/yves-bissouma/432255/
A. Mac Allister,Brighton & Hov…,https://int.soccerway.com/players/alexis-mac-allister/468060/
E. Mwepu,Brighton & Hov…,https://int.soccerway.com/players/enock-mwepu/483768/
P. Groß,Brighton & Hov…,https://int.soccerway.com/players/pascal-gross/78198/
A. Lallana,Brighton & Hov…,https://int.soccerway.com/players/adam-lallana/15497/
J. Moder,Brighton & Hov…,https://int.soccerway.com/players/jakub-moder/427528/
S. March,Brighton & Hov…,https://int.soccerway.com/players/solomon-march/280521/
T. Richards,Brighton & Hov…,https://int.soccerway.com/players/taylor-richards/453117/
M. Leonard,Brighton & Hov…,https://int.soccerway.com/players/marc-leonard/497959/
A. Moran,Brighton & Hov…,https://int.soccerway.com/players/andrew-moran/624905/
A. Connolly,Brighton & Hov…,https://int.soccerway.com/players/aaron-anthony-connolly/453853/
N. Maupay,Brighton & Hov…,https://int.soccerway.com/players/neal-maupay/263185/
L. Trossard,Brighton & Hov…,https://int.soccerway.com/players/leandro-trossard/155109/
S. Alzate,Brighton & Hov…,https://int.soccerway.com/players/steven-alzate/458139/
D. Welbeck,Brighton & Hov…,https://int.soccerway.com/players/danny-welbeck/53886/
J. Locadia,Brighton & Hov…,https://int.soccerway.com/players/jurgen-locadia/158589/
E. Ferguson,Brighton & Hov…,https://int.soccerway.com/players/evan-ferguson/616705/
J. Sarmiento,Brighton & Hov…,https://int.soccerway.com/players/jeremy-sarmiento/525804/
J. Pickford,Everton,https://int.soccerway.com/players/jordan-pickford/160405/
A. Begović,Everton,https://int.soccerway.com/players/asmir-begovic/30599/
A. Lonergan,Everton,https://int.soccerway.com/players/andrew-lonergan/15602/
H. Tyrer,Everton,https://int.soccerway.com/players/harry-tyrer/542375/
J. Kenny,Everton,https://int.soccerway.com/players/jonjoe-kenny/320270/
M. Holgate,Everton,https://int.soccerway.com/players/mason-holgate/392071/
M. Keane,Everton,https://int.soccerway.com/players/michael-keane/209638/
L. Digne,Everton,https://int.soccerway.com/players/lucas-digne/138198/
Y. Mina,Everton,https://int.soccerway.com/players/yerry-fernando-mina-gonzalez/289762/
B. Godfrey,Everton,https://int.soccerway.com/players/ben-godfrey/164733/
S. Coleman,Everton,https://int.soccerway.com/players/seamus-coleman/7158/
J. Branthwaite,Everton,https://int.soccerway.com/players/jarrad-branthwaite/600913/
R. Welch,Everton,https://int.soccerway.com/players/reece-welch/623100/
Allan,Everton,https://int.soccerway.com/players/allan-marques-loureiro/94859/
F. Delph,Everton,https://int.soccerway.com/players/fabian-delph/53097/
G. Sigurðsson,Everton,https://int.soccerway.com/players/gylfi-thor-sigurdhsson/57707/
D. Gray,Everton,https://int.soccerway.com/players/demarai-gray/317144/
A. Townsend,Everton,https://int.soccerway.com/players/andros-townsend/75627/
A. Doucouré,Everton,https://int.soccerway.com/players/abdoulaye-doucoure/163602/
André Gomes,Everton,https://int.soccerway.com/players/andre-gomes/245897/
J. Gbamin,Everton,https://int.soccerway.com/players/jean-philippe-gbamin/258615/
T. Davies,Everton,https://int.soccerway.com/players/tom-davies/387381/
C. Whitaker,Everton,https://int.soccerway.com/players/charlie-whitaker/643030/
T. Onyango,Everton,https://int.soccerway.com/players/tyler-onyango/561871/
Richarlison,Everton,https://int.soccerway.com/players/richarlison-de-andrade/407737/
D. Calvert-Lewin,Everton,https://int.soccerway.com/players/dominic-calvert-lewin/326320/
A. Iwobi,Everton,https://int.soccerway.com/players/alex-iwobi/264176/
A. Gordon,Everton,https://int.soccerway.com/players/anthony-gordon/465503/
C. Tosun,Everton,https://int.soccerway.com/players/cenk-tosun/68645/
S. Rondón,Everton,https://int.soccerway.com/players/jose--salomon-rondon--gimenez/58710/
E. Simms,Everton,https://int.soccerway.com/players/ellis-simms/453126/
L. Dobbin,Everton,https://int.soccerway.com/players/lewis-norman--dobbin/561899/
A. McCarthy,Southampton,https://int.soccerway.com/players/alex-mccarthy/69110/
W. Caballero,Southampton,https://int.soccerway.com/players/wilfredo-daniel-caballero/58907/
H. Lewis,Southampton,https://int.soccerway.com/players/harry-lewis/413463/
F. Forster,Southampton,https://int.soccerway.com/players/fraser-forster/5259/
K. Walker-Peters,Southampton,https://int.soccerway.com/players/kyle-walker-peters/425059/
Lyanco,Southampton,https://int.soccerway.com/players/lyanco-evangelista-silveira-neves-vojnovic/408131/
J. Stephens,Southampton,https://int.soccerway.com/players/jack-stephens/154121/
R. Perraud,Southampton,https://int.soccerway.com/players/romain-perraud/334253/
V. Livramento,Southampton,https://int.soccerway.com/players/valentino-livramento/525807/
M. Salisu,Southampton,https://int.soccerway.com/players/mohamed-salisu-abdul-karim/534621/
J. Bednarek,Southampton,https://int.soccerway.com/players/jan-bednarek/273910/
Y. Valery,Southampton,https://int.soccerway.com/players/yann-valery/426524/
T. Small,Southampton,https://int.soccerway.com/players/thierr-small/653808/
Oriol Romeu,Southampton,https://int.soccerway.com/players/oriol-romeu/97045/
J. Ward-Prowse,Southampton,https://int.soccerway.com/players/james--ward-prowse/200872/
N. Redmond,Southampton,https://int.soccerway.com/players/nathan-redmond/148697/
M. Djenepo,Southampton,https://int.soccerway.com/players/moussa-djenepo/489050/
S. Armstrong,Southampton,https://int.soccerway.com/players/stuart-armstrong/134248/
W. Smallbone,Southampton,https://int.soccerway.com/players/william-smallbone/453436/
N. Tella,Southampton,https://int.soccerway.com/players/nathan-tella/376599/
M. Elyounoussi,Southampton,https://int.soccerway.com/players/mohamed-elyounoussi/187383/
I. Diallo,Southampton,https://int.soccerway.com/players/ibrahima-diallo/459824/
S. Long,Southampton,https://int.soccerway.com/players/shane-long/2586/
A. Armstrong,Southampton,https://int.soccerway.com/players/adam-armstrong/320280/
C. Adams,Southampton,https://int.soccerway.com/players/che-adams/390123/
A. Broja,Southampton,https://int.soccerway.com/players/armando-broja/506042/
T. Walcott,Southampton,https://int.soccerway.com/players/theo-walcott/194/
I. Meslier,Leeds United,https://int.soccerway.com/players/ilan-meslier/464549/
K. Klaesson,Leeds United,https://int.soccerway.com/players/kristoffer-klaesson/461788/
L. Ayling,Leeds United,https://int.soccerway.com/players/luke-ayling/124937/
Junior Firpo,Leeds United,https://int.soccerway.com/players/hector-junior-firpo-adames/396788/
R. Koch,Leeds United,https://int.soccerway.com/players/robin-koch/354199/
L. Cooper,Leeds United,https://int.soccerway.com/players/liam-cooper/57686/
Diego Llorente,Leeds United,https://int.soccerway.com/players/diego-javier-llorente-rios/262202/
S. Dallas,Leeds United,https://int.soccerway.com/players/stuart-dallas/142031/
P. Struijk,Leeds United,https://int.soccerway.com/players/pascal-struijk/440868/
L. Hjelde,Leeds United,https://int.soccerway.com/players/leo-fuhr-hjelde/639597/
C. Cresswell,Leeds United,https://int.soccerway.com/players/charlie-cresswell/592306/
C. Drameh,Leeds United,https://int.soccerway.com/players/cody-drameh/499177/
K. Moore,Leeds United,https://int.soccerway.com/players/kris-moore/648011/
A. Forshaw,Leeds United,https://int.soccerway.com/players/adam-forshaw/110661/
J. Harrison,Leeds United,https://int.soccerway.com/players/jack-harrison/437501/
K. Phillips,Leeds United,https://int.soccerway.com/players/kalvin-phillips/393692/
L. Bate,Leeds United,https://int.soccerway.com/players/lewis-bate/549748/
S. McKinstry,Leeds United,https://int.soccerway.com/players/stuart-mckinstry/590512/
M. Klich,Leeds United,https://int.soccerway.com/players/mateusz-klich/68595/
L. McCarron,Leeds United,https://int.soccerway.com/players/liam-mccarron/569491/
J. Shackleton,Leeds United,https://int.soccerway.com/players/jamie-shackelton/529640/
J. Jenkins,Leeds United,https://int.soccerway.com/players/jack-jenkins/592308/
N. Kenneh,Leeds United,https://int.soccerway.com/players/nohan-kenneh/592307/
P. Bamford,Leeds United,https://int.soccerway.com/players/patrick-bamford/209645/
Raphinha,Leeds United,https://int.soccerway.com/players/raphael-dias-belloli/429714/
T. Roberts,Leeds United,https://int.soccerway.com/players/tyler-roberts/386239/
Rodrigo,Leeds United,https://int.soccerway.com/players/rodrigo-moreno/116726/
D. James,Leeds United,https://int.soccerway.com/players/daniel-james/316309/
J. Gelhardt,Leeds United,https://int.soccerway.com/players/joe-gelhardt/563562/
C. Summerville,Leeds United,https://int.soccerway.com/players/crysencio-summerville/508937/
S. Greenwood,Leeds United,https://int.soccerway.com/players/sam-greenwood/476031/
A. Gray,Leeds United,https://int.soccerway.com/players/archie-gray/761807/
B. Foster,Watford,https://int.soccerway.com/players/ben-foster/2528/
D. Bachmann,Watford,https://int.soccerway.com/players/daniel--bachmann/180020/
R. Elliot,Watford,https://int.soccerway.com/players/robert-elliot/5300/
V. Angelini,Watford,https://int.soccerway.com/players/vincent-angelini/809496/
D. Rose,Watford,https://int.soccerway.com/players/danny-rose/16050/
W. Troost-Ekong,Watford,https://int.soccerway.com/players/william-ekong/218093/
A. Masina,Watford,https://int.soccerway.com/players/adam-masina/263958/
N. N'Koulou,Watford,https://int.soccerway.com/players/nicolas-n-koulou/39105/
C. Cathcart,Watford,https://int.soccerway.com/players/craig-cathcart/53407/
Kiko Femenía,Watford,https://int.soccerway.com/players/francisco-femenia-far/58948/
C. Kabasele,Watford,https://int.soccerway.com/players/christian-kabasele/53627/
F. Sierralta,Watford,https://int.soccerway.com/players/francisco-sierralta-carvallo/403084/
J. Morris,Watford,https://int.soccerway.com/players/james-morris/561668/
O. Etebo,Watford,https://int.soccerway.com/players/etebo-oghenekaro/320786/
I. Louza,Watford,https://int.soccerway.com/players/imran-louza/502748/
T. Cleverley,Watford,https://int.soccerway.com/players/tom-cleverley/70764/
K. Sema,Watford,https://int.soccerway.com/players/ken-sema/286735/
D. Gosling,Watford,https://int.soccerway.com/players/dan-gosling/15647/
O. Tufan,Watford,https://int.soccerway.com/players/ozan-tufan/257567/
M. Sissoko,Watford,https://int.soccerway.com/players/moussa-sissoko/13622/
J. Kucka,Watford,https://int.soccerway.com/players/juraj-kucka/35495/
J. Ngakia,Watford,https://int.soccerway.com/players/jeremy-ngakia/455316/
J. King,Watford,https://int.soccerway.com/players/joshua-king/93432/
João Pedro,Watford,https://int.soccerway.com/players/joao-pedro-junqueira-de-jesus/591522/
A. Fletcher,Watford,https://int.soccerway.com/players/ashley-michael-fletcher/314169/
I. Sarr,Watford,https://int.soccerway.com/players/ismaila-sarr/453991/
E. Dennis,Watford,https://int.soccerway.com/players/emmanuel-bonaventure-dennis/450289/
J. Hernández,Watford,https://int.soccerway.com/players/juan-camilo-hernandez-suarez/402218/
K. Baah,Watford,https://int.soccerway.com/players/kwadwo-baah/636311/
N. Pope,Burnley,https://int.soccerway.com/players/nick-pope/220636/
W. Hennessey,Burnley,https://int.soccerway.com/players/wayne-hennessey/15380/
W. Norris,Burnley,https://int.soccerway.com/players/will-norris/307922/
M. Lowton,Burnley,https://int.soccerway.com/players/matthew-lowton/85440/
C. Taylor,Burnley,https://int.soccerway.com/players/charlie-taylor/201149/
J. Tarkowski,Burnley,https://int.soccerway.com/players/james-tarkowski/170333/
B. Mee,Burnley,https://int.soccerway.com/players/ben-mee/97357/
C. Roberts,Burnley,https://int.soccerway.com/players/connor-roberts/413120/
N. Collins,Burnley,https://int.soccerway.com/players/nathan-michael-collins/465846/
E. Pieters,Burnley,https://int.soccerway.com/players/erik-pieters/2487/
P. Bardsley,Burnley,https://int.soccerway.com/players/phillip-bardsley/4844/
K. Long,Burnley,https://int.soccerway.com/players/kevin-long/78599/
B. Thomas,Burnley,https://int.soccerway.com/players/bobby-thomas/592269/
O. Dodgson,Burnley,https://int.soccerway.com/players/owen-dodgson/644835/
J. Cork,Burnley,https://int.soccerway.com/players/jack-frank-porteous-cork/20801/
J. Guðmunds­son,Burnley,https://int.soccerway.com/players/johann-berg-gudhmundsson/32136/
J. Brownhill,Burnley,https://int.soccerway.com/players/josh-brownhill/318195/
D. Stephens,Burnley,https://int.soccerway.com/players/dale-stephens/51068/
A. Lennon,Burnley,https://int.soccerway.com/players/aaron-lennon/190/
A. Westwood,Burnley,https://int.soccerway.com/players/ashley--westwood/67549/
C. Wood,Burnley,https://int.soccerway.com/players/chris-woods/76918/
A. Barnes,Burnley,https://int.soccerway.com/players/ashley-barnes/36301/
D. McNeil,Burnley,https://int.soccerway.com/players/dwight-mcneil/506462/
J. Rodriguez,Burnley,https://int.soccerway.com/players/jay-rodriguez/15915/
M. Cornet,Burnley,https://int.soccerway.com/players/gnaly-cornet/260856/
M. Vydra,Burnley,https://int.soccerway.com/players/matej-vydra/75904/
L. Richardson,Burnley,https://int.soccerway.com/players/lewis-richardson/592272/
M. Dúbravka,Newcastle United,https://int.soccerway.com/players/martin-dubravka/35439/
K. Darlow,Newcastle United,https://int.soccerway.com/players/karl-darlow/113214/
F. Woodman,Newcastle United,https://int.soccerway.com/players/frederick-woodman/274762/
M. Gillespie,Newcastle United,https://int.soccerway.com/players/mark-gillespie/130265/
D. Langley,Newcastle United,https://int.soccerway.com/players/daniel-langley/496717/
C. Clark,Newcastle United,https://int.soccerway.com/players/ciaran-clark/89489/
P. Dummett,Newcastle United,https://int.soccerway.com/players/paul-dummett/209640/
F. Schär,Newcastle United,https://int.soccerway.com/players/fabian-schar/109708/
J. Lascelles,Newcastle United,https://int.soccerway.com/players/jamal-lascelles/192421/
J. Lewis,Newcastle United,https://int.soccerway.com/players/jamal-lewis/440936/
E. Krafth,Newcastle United,https://int.soccerway.com/players/emil-kraft/185166/
F. Fernández,Newcastle United,https://int.soccerway.com/players/federico-fernandez/61374/
Javi Manquillo,Newcastle United,https://int.soccerway.com/players/javier-manquillo-gaitan/221516/
J. Shelvey,Newcastle United,https://int.soccerway.com/players/jonjo-shelvey/51243/
A. Saint-Maximin,Newcastle United,https://int.soccerway.com/players/allan-saint-maximin/310845/
M. Ritchie,Newcastle United,https://int.soccerway.com/players/matt-ritchie/65142/
I. Hayden,Newcastle United,https://int.soccerway.com/players/isaac-hayden/215545/
J. Hendrick,Newcastle United,https://int.soccerway.com/players/jeffrey-hendrick/158140/
R. Fraser,Newcastle United,https://int.soccerway.com/players/ryan-fraser/159839/
J. Murphy,Newcastle United,https://int.soccerway.com/players/jacob-murphy/326321/
M. Almirón,Newcastle United,https://int.soccerway.com/players/miguel-angel-almiron-rejala/247878/
J. Willock,Newcastle United,https://int.soccerway.com/players/joseph-willock/376613/
E. Anderson,Newcastle United,https://int.soccerway.com/players/elliott-anderson/414655/
S. Longstaff,Newcastle United,https://int.soccerway.com/players/sean-longstaff/454449/
J. White,Newcastle United,https://int.soccerway.com/players/joe-white/564779/
Joelinton,Newcastle United,https://int.soccerway.com/players/joelinton-cassio-apolinario-de-lira/331264/
C. Wilson,Newcastle United,https://int.soccerway.com/players/callum-wilson/89009/
D. Gayle,Newcastle United,https://int.soccerway.com/players/dwight-gayle/201233/
T. Krul,Norwich City,https://int.soccerway.com/players/tim-krul/5256/
A. Gunn,Norwich City,https://int.soccerway.com/players/angus-gunn/217678/
M. McGovern,Norwich City,https://int.soccerway.com/players/michael-mcgovern/782/
M. Aarons,Norwich City,https://int.soccerway.com/players/maximillian-james-aarons/452989/
S. Byram,Norwich City,https://int.soccerway.com/players/samuel-bryam/258007/
B. Gibson,Norwich City,https://int.soccerway.com/players/ben-gibson/187372/
G. Hanley,Norwich City,https://int.soccerway.com/players/grant-hanley/130306/
C. Zimmermann,Norwich City,https://int.soccerway.com/players/christoph-zimmermann/233145/
O. Kabak,Norwich City,https://int.soccerway.com/players/ozan-muhammed-kabak/461755/
B. Williams,Norwich City,https://int.soccerway.com/players/brandon-williams/483294/
B. Mumba,Norwich City,https://int.soccerway.com/players/bali-mumba/476030/
D. Giannoulis,Norwich City,https://int.soccerway.com/players/dimitris-giannoulis/274908/
J. Tomkinson,Norwich City,https://int.soccerway.com/players/jonathan-tomkinson/552445/
A. Omobamidele,Norwich City,https://int.soccerway.com/players/andrew-omobamidele/572611/
L. Rupp,Norwich City,https://int.soccerway.com/players/lukas-rupp/78485/
B. Gilmour,Norwich City,https://int.soccerway.com/players/billy-gilmour/486637/
K. Dowell,Norwich City,https://int.soccerway.com/players/kieran-dowell/392787/
P. Płacheta,Norwich City,https://int.soccerway.com/players/przemyslaw-placheta/419882/
T. Cantwell,Norwich City,https://int.soccerway.com/players/todd-cantwell/454456/
M. Normann,Norwich City,https://int.soccerway.com/players/mathias-antonsen-normann/294499/
M. Rashica,Norwich City,https://int.soccerway.com/players/milot-rashica/273845/
J. Sørensen,Norwich City,https://int.soccerway.com/players/jacob--sorensen/441784/
P. Lees Melou,Norwich City,https://int.soccerway.com/players/pierre-lees-melou/312701/
K. McLean,Norwich City,https://int.soccerway.com/players/kenny-mclean/110508/
T. Dickson-Peters,Norwich City,https://int.soccerway.com/players/thomas-dickson-peters/536630/
C. Tzolis,Norwich City,https://int.soccerway.com/players/christos-tzolis/574629/
T. Pukki,Norwich City,https://int.soccerway.com/players/teemu-pukki/8468/
J. Sargent,Norwich City,https://int.soccerway.com/players/joshua-sargent/479415/
A. Idah,Norwich City,https://int.soccerway.com/players/adam-uche-idah/465872/
J. Rowe,Norwich City,https://int.soccerway.com/players/jon-rowe/608339/
